city,state,timestamp,CO,NH3,NO2,OZONE,PM10,PM2.5,SO2,aqi_overall
Agartala,Tripura,2025-05-19 10:00:00,2.0,,,127.0,,,,127.0
Agra,Uttar_Pradesh,2025-05-19 10:00:00,23.833333333333332,3.2,26.333333333333332,25.5,97.83333333333331,66.8,20.166666666666668,97.83333333333331
Ahmedabad,Gujarat,2025-05-19 10:00:00,20.375,4.857142857142857,37.77777777777778,12.22222222222222,72.0,63.75,12.0,72.0
Ahmednagar,Maharashtra,2025-05-19 10:00:00,31.0,13.0,28.0,6.0,,11.0,10.0,31.0
Aizawl,Mizoram,2025-05-19 10:00:00,3.0,,,1.0,,,2.0,3.0
Ajmer,Rajasthan,2025-05-19 10:00:00,31.0,4.0,37.0,25.0,84.0,61.0,7.0,84.0
Akola,Maharashtra,2025-05-19 10:00:00,35.0,6.0,16.0,17.0,52.0,46.0,6.0,52.0
Alwar,Rajasthan,2025-05-19 10:00:00,72.0,20.0,125.0,21.0,79.0,60.0,44.0,125.0
Amaravati,Andhra_Pradesh,2025-05-19 10:00:00,44.0,2.0,35.0,10.0,,36.0,15.0,44.0
Amravati,Maharashtra,2025-05-19 10:00:00,21.0,3.5,11.0,31.0,57.0,42.5,2.0,57.0
Amritsar,Punjab,2025-05-19 10:00:00,6.0,,,69.0,154.0,97.0,27.0,154.0
Anantapur,Andhra_Pradesh,2025-05-19 10:00:00,46.0,8.0,32.0,8.0,64.0,69.0,13.0,69.0
Angul,Odisha,2025-05-19 10:00:00,63.0,10.0,7.0,6.0,40.0,15.0,16.0,63.0
Ankleshwar,Gujarat,2025-05-19 10:00:00,55.0,6.0,51.0,48.0,46.0,29.0,48.0,55.0
Araria,Bihar,2025-05-19 10:00:00,50.0,5.0,7.0,9.0,,,33.0,50.0
Ariyalur,TamilNadu,2025-05-19 10:00:00,,,,9.0,,,,9.0
Arrah,Bihar,2025-05-19 10:00:00,18.0,1.0,7.0,10.0,51.0,25.0,9.0,51.0
Asansol,West_Bengal,2025-05-19 10:00:00,12.75,7.5,15.5,12.25,46.75,39.25,5.5,46.75
Aurangabad,Maharashtra,2025-05-19 10:00:00,73.33333333333333,5.0,33.666666666666664,17.666666666666668,81.0,82.0,11.666666666666666,82.0
Aurangabad,Bihar,2025-05-19 10:00:00,26.0,1.0,8.0,18.0,53.0,39.0,10.0,53.0
Baddi,Himachal Pradesh,2025-05-19 10:00:00,55.0,6.0,20.0,95.0,174.0,153.0,62.0,174.0
Badlapur,Maharashtra,2025-05-19 10:00:00,37.0,3.0,51.0,10.0,105.0,76.0,12.0,105.0
Baghpat,Uttar_Pradesh,2025-05-19 10:00:00,38.0,3.0,25.0,17.0,142.0,45.0,37.0,142.0
Balasore,Odisha,2025-05-19 10:00:00,24.0,1.0,8.0,19.0,33.0,10.0,6.0,33.0
Banswara,Rajasthan,2025-05-19 10:00:00,108.0,4.0,16.0,29.0,61.0,47.0,11.0,108.0
Baran,Rajasthan,2025-05-19 10:00:00,19.0,8.0,19.0,52.0,81.0,29.0,5.0,81.0
Barbil,Odisha,2025-05-19 10:00:00,25.0,3.0,24.0,14.0,60.0,40.0,13.0,60.0
Bareilly,Uttar_Pradesh,2025-05-19 10:00:00,9.0,1.5,2.0,22.0,39.0,27.0,49.5,49.5
Baripada,Odisha,2025-05-19 10:00:00,,1.0,6.0,10.0,31.0,18.0,14.0,31.0
Barmer,Rajasthan,2025-05-19 10:00:00,8.0,5.0,7.0,47.0,81.0,23.0,5.0,81.0
Barrackpore,West_Bengal,2025-05-19 10:00:00,27.0,6.0,14.0,7.0,33.0,17.0,7.0,33.0
Begusarai,Bihar,2025-05-19 10:00:00,49.0,11.0,73.0,9.0,56.0,40.0,37.0,73.0
Belapur,Maharashtra,2025-05-19 10:00:00,24.0,,8.0,27.0,50.0,35.0,3.0,50.0
Bengaluru,Karnataka,2025-05-19 10:00:00,34.69230769230769,3.5,19.454545454545453,20.90909090909091,51.0,32.285714285714285,12.818181818181818,51.0
Bettiah,Bihar,2025-05-19 10:00:00,65.0,5.0,28.0,22.0,,,13.0,65.0
Bhagalpur,Bihar,2025-05-19 10:00:00,41.5,1.0,19.0,12.0,,,25.0,41.5
Bharatpur,Rajasthan,2025-05-19 10:00:00,37.0,6.0,41.0,20.0,102.0,59.0,6.0,102.0
Bhilai,Chhattisgarh,2025-05-19 10:00:00,41.0,3.0,16.0,13.5,36.5,39.0,9.5,41.0
Bhiwadi,Rajasthan,2025-05-19 10:00:00,56.5,12.0,39.0,22.5,104.0,73.5,15.5,104.0
Bhiwandi,Maharashtra,2025-05-19 10:00:00,32.0,5.0,46.0,12.0,89.0,68.0,14.0,89.0
Bhopal,Madhya Pradesh,2025-05-19 10:00:00,15.0,3.6666666666666665,25.0,64.0,73.0,46.666666666666664,15.666666666666666,73.0
Bhubaneswar,Odisha,2025-05-19 10:00:00,56.0,2.5,7.5,13.0,20.0,9.0,5.5,56.0
Bihar Sharif,Bihar,2025-05-19 10:00:00,,,10.0,21.0,,,9.0,21.0
Bikaner,Rajasthan,2025-05-19 10:00:00,10.0,5.0,9.0,45.0,125.0,28.0,4.0,125.0
Bilaspur,Chhattisgarh,2025-05-19 10:00:00,49.0,,31.0,,47.0,48.0,23.0,49.0
Bileipada,Odisha,2025-05-19 10:00:00,20.0,4.0,8.0,10.0,87.0,47.0,4.0,87.0
Boisar,Maharashtra,2025-05-19 10:00:00,12.0,3.0,8.0,29.0,58.0,35.0,9.0,58.0
Brajrajnagar,Odisha,2025-05-19 10:00:00,73.0,7.0,14.0,21.0,56.0,40.0,12.0,73.0
Bulandshahr,Uttar_Pradesh,2025-05-19 10:00:00,6.0,16.0,15.0,19.0,118.0,74.0,23.0,118.0
Bundi,Rajasthan,2025-05-19 10:00:00,17.0,7.0,15.0,41.0,88.0,36.0,8.0,88.0
Buxar,Bihar,2025-05-19 10:00:00,27.0,4.0,5.0,5.0,58.0,40.0,7.0,58.0
Byasanagar,Odisha,2025-05-19 10:00:00,51.0,8.0,45.0,21.0,,,5.0,51.0
Byrnihat,Assam,2025-05-19 10:00:00,51.0,4.0,12.0,23.0,90.0,102.0,31.0,102.0
Chamarajanagar,Karnataka,2025-05-19 10:00:00,20.0,2.0,21.0,15.0,40.0,25.0,3.0,40.0
Chandigarh,Chandigarh,2025-05-19 10:00:00,55.5,8.0,27.0,68.0,105.0,72.0,17.0,105.0
Chandrapur,Maharashtra,2025-05-19 10:00:00,10.0,,,27.0,102.0,,22.0,102.0
Chennai,TamilNadu,2025-05-19 10:00:00,32.714285714285715,6.142857142857143,16.857142857142858,50.666666666666664,43.833333333333336,45.714285714285715,9.857142857142858,50.666666666666664
Chhal,Chhattisgarh,2025-05-19 10:00:00,19.0,,,16.0,,,,19.0
Chikkaballapur,Karnataka,2025-05-19 10:00:00,6.0,4.0,25.0,29.0,31.0,21.0,11.0,31.0
Chikkamagaluru,Karnataka,2025-05-19 10:00:00,11.0,2.0,26.0,10.0,32.0,20.0,2.0,32.0
Chittoor,Andhra_Pradesh,2025-05-19 10:00:00,49.0,5.0,21.0,28.0,65.0,72.0,10.0,72.0
Chittorgarh,Rajasthan,2025-05-19 10:00:00,22.0,6.0,19.0,30.0,74.0,48.0,9.0,74.0
Churu,Rajasthan,2025-05-19 10:00:00,9.0,5.0,10.0,48.0,81.0,37.0,5.0,81.0
Coimbatore,TamilNadu,2025-05-19 10:00:00,,2.0,9.0,,23.0,28.0,5.0,28.0
Cuddalore,TamilNadu,2025-05-19 10:00:00,,4.0,13.5,7.0,15.0,16.0,12.0,16.0
Cuttack,Odisha,2025-05-19 10:00:00,15.0,1.0,9.0,9.0,28.0,,2.0,28.0
Damoh,Madhya Pradesh,2025-05-19 10:00:00,23.0,,,,81.0,44.0,6.0,81.0
Dausa,Rajasthan,2025-05-19 10:00:00,16.0,9.0,38.0,59.0,135.0,48.0,8.0,135.0
Davanagere,Karnataka,2025-05-19 10:00:00,32.0,2.0,10.0,19.0,22.0,35.0,8.0,35.0
Dehradun,Uttarakhand,2025-05-19 10:00:00,9.0,,2.0,38.0,94.0,68.0,1.0,94.0
Delhi,Delhi,2025-05-19 10:00:00,44.473684210526315,10.03225806451613,42.0,41.10526315789474,172.7941176470588,145.77142857142857,17.40625,172.7941176470588
Dewas,Madhya Pradesh,2025-05-19 10:00:00,14.0,7.0,29.0,73.0,64.0,33.0,48.0,73.0
Dhanbad,Jharkhand,2025-05-19 10:00:00,2.0,,126.0,23.0,,47.0,,126.0
Dharwad,Karnataka,2025-05-19 10:00:00,31.0,6.0,25.0,7.0,63.0,49.0,2.0,63.0
Dholpur,Rajasthan,2025-05-19 10:00:00,31.0,8.0,20.0,45.0,124.0,45.0,11.0,124.0
Dhule,Maharashtra,2025-05-19 10:00:00,28.0,,,92.0,,,,92.0
Dindigul,TamilNadu,2025-05-19 10:00:00,9.0,,,2.0,39.0,25.0,21.0,39.0
Dungarpur,Rajasthan,2025-05-19 10:00:00,10.0,5.0,8.0,34.0,85.0,51.0,7.0,85.0
Durgapur,West_Bengal,2025-05-19 10:00:00,47.5,1.0,18.5,10.5,67.5,30.0,15.5,67.5
Eloor,Kerala,2025-05-19 10:00:00,20.0,1.0,8.0,12.0,43.0,47.0,3.0,47.0
Firozabad,Uttar_Pradesh,2025-05-19 10:00:00,19.5,2.0,17.0,13.0,66.0,35.0,27.0,66.0
Gandhinagar,Gujarat,2025-05-19 10:00:00,38.0,4.666666666666667,25.333333333333332,8.666666666666666,74.0,64.33333333333333,11.333333333333334,74.0
Gaya,Bihar,2025-05-19 10:00:00,34.5,4.0,9.666666666666666,19.333333333333332,90.5,71.0,11.5,90.5
Ghaziabad,Uttar_Pradesh,2025-05-19 10:00:00,50.5,8.5,32.75,22.0,121.5,96.0,18.75,121.5
Gorakhpur,Uttar_Pradesh,2025-05-19 10:00:00,6.0,1.0,11.0,14.0,124.0,88.0,34.0,124.0
Greater Noida,Uttar_Pradesh,2025-05-19 10:00:00,35.5,15.0,41.0,15.0,123.0,60.0,12.5,123.0
Gummidipoondi,TamilNadu,2025-05-19 10:00:00,,2.0,6.0,,51.0,42.0,13.0,51.0
Gurugram,Haryana,2025-05-19 10:00:00,53.0,,14.0,61.0,,159.0,,159.0
Guwahati,Assam,2025-05-19 10:00:00,24.666666666666668,10.5,19.0,34.0,26.666666666666668,30.0,21.0,34.0
Gwalior,Madhya Pradesh,2025-05-19 10:00:00,60.0,4.666666666666667,21.0,33.333333333333336,116.66666666666669,89.66666666666667,15.0,116.66666666666669
Hajipur,Bihar,2025-05-19 10:00:00,20.0,5.0,18.0,76.0,54.0,57.0,9.0,76.0
Haldia,West_Bengal,2025-05-19 10:00:00,21.0,5.0,13.0,16.0,24.0,14.0,13.0,24.0
Hanumangarh,Rajasthan,2025-05-19 10:00:00,46.0,8.0,11.0,23.0,137.0,119.0,5.0,137.0
Hapur,Uttar_Pradesh,2025-05-19 10:00:00,16.0,14.0,39.0,1.0,89.0,51.0,33.0,89.0
Hosur,TamilNadu,2025-05-19 10:00:00,18.0,1.0,2.0,10.0,84.0,76.0,54.0,84.0
Howrah,West_Bengal,2025-05-19 10:00:00,24.0,5.2,39.2,26.6,35.4,23.2,7.6,39.2
Hubballi,Karnataka,2025-05-19 10:00:00,13.0,2.0,9.0,11.0,46.0,36.0,1.0,46.0
Hyderabad,Telangana,2025-05-19 10:00:00,32.27272727272727,3.9,18.90909090909091,22.916666666666668,72.9,54.3,9.9,72.9
Imphal,Manipur,2025-05-19 10:00:00,6.0,2.0,8.0,,27.0,12.0,109.0,109.0
Indore,Madhya Pradesh,2025-05-19 10:00:00,20.5,7.0,27.5,15.5,46.0,32.8,25.0,46.0
Jabalpur,Madhya Pradesh,2025-05-19 10:00:00,31.25,2.0,36.75,73.75,58.75,46.0,15.5,73.75
Jaipur,Rajasthan,2025-05-19 10:00:00,38.0,5.2,42.6,36.8,97.8,51.5,14.2,97.8
Jaisalmer,Rajasthan,2025-05-19 10:00:00,35.0,7.0,3.0,29.0,107.0,27.0,7.0,107.0
Jalandhar,Punjab,2025-05-19 10:00:00,37.0,2.0,32.0,65.0,154.0,172.0,13.0,172.0
Jalgaon,Maharashtra,2025-05-19 10:00:00,39.0,,11.0,30.0,64.0,66.0,12.0,66.0
Jalna,Maharashtra,2025-05-19 10:00:00,17.0,,,5.0,,,,17.0
Jalore,Rajasthan,2025-05-19 10:00:00,13.0,4.0,9.0,42.0,79.0,39.0,3.0,79.0
Jhalawar,Rajasthan,2025-05-19 10:00:00,25.0,8.0,48.0,58.0,94.0,107.0,13.0,107.0
Jhansi,Uttar_Pradesh,2025-05-19 10:00:00,11.0,4.0,6.0,7.0,71.0,45.0,41.0,71.0
Jhunjhunu,Rajasthan,2025-05-19 10:00:00,15.0,14.0,10.0,50.0,102.0,35.0,5.0,102.0
Jodhpur,Rajasthan,2025-05-19 10:00:00,18.8,4.6,10.0,28.6,70.8,36.6,5.8,70.8
Kadapa,Andhra_Pradesh,2025-05-19 10:00:00,25.0,,,26.0,,,,26.0
Kalaburagi,Karnataka,2025-05-19 10:00:00,37.0,3.0,15.0,12.0,36.0,27.0,4.0,37.0
Kalyan,Maharashtra,2025-05-19 10:00:00,27.5,1.5,12.0,9.5,75.5,33.5,14.5,75.5
Kanchipuram,TamilNadu,2025-05-19 10:00:00,22.0,4.0,,32.0,41.0,25.0,12.0,41.0
Kanpur,Uttar_Pradesh,2025-05-19 10:00:00,49.666666666666664,2.0,33.333333333333336,21.333333333333332,82.66666666666667,69.0,25.0,82.66666666666667
Karauli,Rajasthan,2025-05-19 10:00:00,40.0,8.0,17.0,47.0,80.0,24.0,8.0,80.0
Katihar,Bihar,2025-05-19 10:00:00,37.0,1.0,14.0,7.0,,,23.0,37.0
Katni,Madhya Pradesh,2025-05-19 10:00:00,28.0,4.0,43.0,73.0,95.0,41.0,38.0,95.0
Keonjhar,Odisha,2025-05-19 10:00:00,58.0,,,,59.0,,10.0,59.0
Khanna,Punjab,2025-05-19 10:00:00,18.0,7.0,28.0,20.0,130.0,115.0,7.0,130.0
Khurja,Uttar_Pradesh,2025-05-19 10:00:00,43.0,1.0,3.0,5.0,127.0,67.0,80.0,127.0
Kishanganj,Bihar,2025-05-19 10:00:00,24.0,,8.0,18.0,,,,24.0
Kolhapur,Maharashtra,2025-05-19 10:00:00,10.0,8.0,8.5,20.5,49.0,32.0,2.0,49.0
Kolkata,West_Bengal,2025-05-19 10:00:00,19.666666666666668,7.333333333333333,30.166666666666668,17.0,38.5,27.166666666666668,6.5,38.5
Kollam,Kerala,2025-05-19 10:00:00,16.0,1.0,9.0,31.0,81.0,53.0,2.0,81.0
Korba,Chhattisgarh,2025-05-19 10:00:00,32.0,2.0,34.5,22.5,61.0,54.0,12.0,61.0
Kota,Rajasthan,2025-05-19 10:00:00,28.666666666666668,2.0,19.333333333333332,50.333333333333336,82.66666666666667,56.666666666666664,14.333333333333334,82.66666666666667
Kunjemura,Chhattisgarh,2025-05-19 10:00:00,36.0,2.0,16.0,8.0,45.0,31.0,5.0,45.0
Latur,Maharashtra,2025-05-19 10:00:00,17.0,6.0,18.0,31.0,41.0,40.0,5.0,41.0
Lucknow,Uttar_Pradesh,2025-05-19 10:00:00,35.5,10.0,27.333333333333332,26.0,114.33333333333331,97.5,23.833333333333332,114.33333333333331
Ludhiana,Punjab,2025-05-19 10:00:00,34.0,,,18.0,119.0,117.0,12.0,119.0
Madikeri,Karnataka,2025-05-19 10:00:00,11.0,1.0,2.0,5.0,21.0,27.0,7.0,27.0
Madurai,TamilNadu,2025-05-19 10:00:00,12.0,3.0,20.0,6.0,26.0,19.0,32.0,32.0
Mahad,Maharashtra,2025-05-19 10:00:00,51.0,3.0,19.0,28.0,68.0,61.0,27.0,68.0
Maihar,Madhya Pradesh,2025-05-19 10:00:00,63.0,,,,,,,63.0
Malegaon,Maharashtra,2025-05-19 10:00:00,18.0,3.0,14.0,19.0,51.0,40.0,10.0,51.0
Mandi Gobindgarh,Punjab,2025-05-19 10:00:00,103.0,7.0,26.0,49.0,112.0,124.0,22.0,124.0
Mandideep,Madhya Pradesh,2025-05-19 10:00:00,21.0,3.0,21.0,55.0,85.0,64.0,18.0,85.0
Mangalore,Karnataka,2025-05-19 10:00:00,6.0,1.0,5.0,24.0,57.0,45.0,5.0,57.0
Manguraha,Bihar,2025-05-19 10:00:00,152.0,1.0,5.0,23.0,,28.0,6.0,152.0
Meerut,Uttar_Pradesh,2025-05-19 10:00:00,27.333333333333332,13.0,17.0,52.333333333333336,104.33333333333331,50.0,18.0,104.33333333333331
Milupara,Chhattisgarh,2025-05-19 10:00:00,24.0,,,23.0,,,,24.0
Mira-Bhayandar,Maharashtra,2025-05-19 10:00:00,12.0,1.0,7.0,4.0,48.0,31.0,2.0,48.0
Moradabad,Uttar_Pradesh,2025-05-19 10:00:00,36.166666666666664,5.666666666666667,22.5,30.666666666666668,65.8,39.0,32.0,65.8
Motihari,Bihar,2025-05-19 10:00:00,,3.0,13.0,11.0,34.0,23.0,15.0,34.0
Mumbai,Maharashtra,2025-05-19 10:00:00,20.96153846153846,4.391304347826087,25.16,13.173913043478262,69.58333333333333,32.07692307692308,8.235294117647058,69.58333333333333
Munger,Bihar,2025-05-19 10:00:00,30.0,,5.0,5.0,39.0,28.0,,39.0
Muzaffarnagar,Uttar_Pradesh,2025-05-19 10:00:00,26.0,10.0,27.0,35.0,127.0,141.0,20.0,141.0
Muzaffarpur,Bihar,2025-05-19 10:00:00,29.333333333333332,2.0,8.333333333333334,29.0,44.0,35.333333333333336,5.333333333333333,44.0
Mysuru,Karnataka,2025-05-19 10:00:00,17.0,5.0,21.0,10.0,33.0,18.0,9.0,33.0
Nagaur,Rajasthan,2025-05-19 10:00:00,17.0,6.0,8.0,30.0,98.0,37.0,5.0,98.0
Nagpur,Maharashtra,2025-05-19 10:00:00,49.25,3.75,24.25,15.25,112.25,119.25,24.25,119.25
Naharlagun,Arunachal_Pradesh,2025-05-19 10:00:00,12.0,,5.0,4.0,40.0,36.0,6.0,40.0
Nalbari,Assam,2025-05-19 10:00:00,25.0,,3.0,33.0,24.0,25.0,2.0,33.0
Namakkal,TamilNadu,2025-05-19 10:00:00,,3.0,10.0,,18.0,15.0,9.0,18.0
Nanded,Maharashtra,2025-05-19 10:00:00,38.0,4.0,19.0,38.0,32.0,,,38.0
Nashik,Maharashtra,2025-05-19 10:00:00,16.0,4.75,8.75,18.0,57.75,40.5,2.5,57.75
Navi Mumbai,Maharashtra,2025-05-19 10:00:00,31.8,4.2,26.0,13.5,66.2,44.8,12.5,66.2
Nayagarh,Odisha,2025-05-19 10:00:00,21.0,7.0,5.0,7.0,60.0,29.0,5.0,60.0
Noida,Uttar_Pradesh,2025-05-19 10:00:00,43.0,12.0,40.0,34.333333333333336,136.66666666666666,96.33333333333331,19.0,136.66666666666666
Ooty,TamilNadu,2025-05-19 10:00:00,,16.0,,5.0,29.0,33.0,26.0,33.0
Pali,Rajasthan,2025-05-19 10:00:00,36.0,4.0,32.0,32.0,116.0,57.0,11.0,116.0
Panchgaon,Haryana,2025-05-19 10:00:00,65.0,7.0,80.0,28.0,71.0,76.0,19.0,80.0
Patiala,Punjab,2025-05-19 10:00:00,48.0,4.0,18.0,48.0,129.0,133.0,3.0,133.0
Patna,Bihar,2025-05-19 10:00:00,43.5,4.5,29.8,47.333333333333336,86.0,61.0,9.166666666666666,86.0
Perundurai,TamilNadu,2025-05-19 10:00:00,32.0,3.0,7.0,46.0,,19.0,14.0,46.0
Pimpri-Chinchwad,Maharashtra,2025-05-19 10:00:00,27.666666666666668,8.666666666666666,27.0,4.0,57.0,36.0,2.3333333333333335,57.0
Pithampur,Madhya Pradesh,2025-05-19 10:00:00,16.0,2.0,19.0,44.0,91.0,69.0,14.0,91.0
Pratapgarh,Rajasthan,2025-05-19 10:00:00,25.0,5.0,22.0,23.0,59.0,31.0,5.0,59.0
Prayagraj,Uttar_Pradesh,2025-05-19 10:00:00,9.0,6.333333333333333,7.666666666666667,29.333333333333332,93.0,54.666666666666664,36.0,93.0
Pune,Maharashtra,2025-05-19 10:00:00,36.0,2.0,26.8,13.166666666666666,49.833333333333336,33.833333333333336,5.5,49.833333333333336
Purnia,Bihar,2025-05-19 10:00:00,44.0,3.0,19.0,18.0,,,,44.0
Raipur,Chhattisgarh,2025-05-19 10:00:00,30.0,4.75,23.0,6.75,67.0,49.5,9.5,67.0
Rairangpur,Odisha,2025-05-19 10:00:00,20.0,,,10.0,50.0,44.0,,50.0
Rajamahendravaram,Andhra_Pradesh,2025-05-19 10:00:00,24.0,2.0,21.0,11.0,36.0,23.0,3.0,36.0
Rajgir,Bihar,2025-05-19 10:00:00,,3.0,9.0,34.0,58.0,66.0,,66.0
Rajsamand,Rajasthan,2025-05-19 10:00:00,37.0,11.0,34.0,74.0,59.0,43.0,10.0,74.0
Ramanagara,Karnataka,2025-05-19 10:00:00,8.0,,,25.0,,,,25.0
Ramanathapuram,TamilNadu,2025-05-19 10:00:00,29.0,2.0,12.0,6.0,22.0,25.0,14.0,29.0
Ranipet,TamilNadu,2025-05-19 10:00:00,,8.0,1.0,1.0,,,16.0,16.0
Ratlam,Madhya Pradesh,2025-05-19 10:00:00,,,,,67.0,45.0,43.0,67.0
Rishikesh,Uttarakhand,2025-05-19 10:00:00,33.0,5.0,10.0,24.0,70.0,65.0,4.0,70.0
Rourkela,Odisha,2025-05-19 10:00:00,45.0,5.0,22.5,,83.0,72.33333333333333,9.0,83.0
Sagar,Madhya Pradesh,2025-05-19 10:00:00,49.0,1.0,12.5,40.0,52.5,42.0,7.0,52.5
Salem,TamilNadu,2025-05-19 10:00:00,43.0,3.0,12.0,16.0,25.0,17.0,82.0,82.0
Sangli,Maharashtra,2025-05-19 10:00:00,14.0,3.0,13.0,9.0,54.0,40.0,16.0,54.0
Sawai Madhopur,Rajasthan,2025-05-19 10:00:00,54.0,13.0,19.0,56.0,124.0,66.0,8.0,124.0
Shillong,Meghalaya,2025-05-19 10:00:00,8.0,,,55.0,,9.0,5.0,55.0
Shivamogga,Karnataka,2025-05-19 10:00:00,26.0,2.0,37.0,1.0,46.0,33.0,4.0,46.0
Sikar,Rajasthan,2025-05-19 10:00:00,13.0,5.0,16.0,33.0,95.0,38.0,5.0,95.0
Silchar,Assam,2025-05-19 10:00:00,25.0,1.0,12.0,1.0,60.0,37.0,5.0,60.0
Siliguri,West_Bengal,2025-05-19 10:00:00,30.0,10.0,16.0,24.0,35.0,36.0,11.0,36.0
Singrauli,Madhya Pradesh,2025-05-19 10:00:00,14.0,6.0,3.0,52.0,71.0,38.0,23.0,71.0
Sirohi,Rajasthan,2025-05-19 10:00:00,20.0,4.0,9.0,16.0,62.0,32.0,2.0,62.0
Sivasagar,Assam,2025-05-19 10:00:00,19.0,4.0,22.0,3.0,25.0,23.0,9.0,25.0
Siwan,Bihar,2025-05-19 10:00:00,88.0,1.0,4.0,21.0,,,8.0,88.0
Solapur,Maharashtra,2025-05-19 10:00:00,23.0,6.0,44.0,38.0,61.0,34.5,16.5,61.0
Sri Ganganagar,Rajasthan,2025-05-19 10:00:00,23.0,6.0,34.0,29.0,152.0,55.0,11.0,152.0
Sri Vijaya Puram,Andaman and Nicobar,2025-05-19 10:00:00,20.0,,43.0,7.0,17.0,5.0,21.0,43.0
Suakati,Odisha,2025-05-19 10:00:00,15.0,4.0,12.0,81.0,46.0,39.0,3.0,81.0
Surat,Gujarat,2025-05-19 10:00:00,34.0,,13.0,,32.0,32.0,40.0,40.0
Talcher,Odisha,2025-05-19 10:00:00,35.0,6.0,28.0,2.0,40.0,37.0,30.0,40.0
Tensa,Odisha,2025-05-19 10:00:00,17.0,,,,54.0,,16.0,54.0
Thane,Maharashtra,2025-05-19 10:00:00,20.5,6.0,11.0,3.5,57.0,36.5,2.0,57.0
Thanjavur,TamilNadu,2025-05-19 10:00:00,7.0,1.0,41.0,8.0,23.0,,16.0,41.0
Thiruvananthapuram,Kerala,2025-05-19 10:00:00,15.0,1.5,8.5,24.0,37.0,25.5,12.5,37.0
Thoothukudi,TamilNadu,2025-05-19 10:00:00,29.0,,5.0,16.0,32.0,,9.0,32.0
Thrissur,Kerala,2025-05-19 10:00:00,17.0,,10.0,29.0,62.0,50.0,1.0,62.0
Tiruchirappalli,TamilNadu,2025-05-19 10:00:00,5.0,1.0,4.0,13.0,42.0,44.0,16.0,44.0
Tirumala,Andhra_Pradesh,2025-05-19 10:00:00,21.0,1.0,17.0,9.0,40.0,52.0,4.0,52.0
Tirunelveli,TamilNadu,2025-05-19 10:00:00,21.0,1.0,8.0,6.0,31.0,32.0,16.0,32.0
Tirupati,Andhra_Pradesh,2025-05-19 10:00:00,18.0,2.0,8.0,27.0,67.0,94.0,13.0,94.0
Tonk,Rajasthan,2025-05-19 10:00:00,32.0,7.0,21.0,27.0,94.0,74.0,3.0,94.0
Udaipur,Rajasthan,2025-05-19 10:00:00,29.0,7.0,35.0,17.0,81.0,57.0,3.0,81.0
Ulhasnagar,Maharashtra,2025-05-19 10:00:00,33.0,3.0,48.0,15.0,93.0,71.0,13.0,93.0
Vapi,Gujarat,2025-05-19 10:00:00,,10.0,14.0,2.0,57.0,26.0,36.0,57.0
Varanasi,Uttar_Pradesh,2025-05-19 10:00:00,10.0,1.3333333333333333,13.25,10.75,57.25,29.5,28.75,57.25
Vellore,TamilNadu,2025-05-19 10:00:00,16.0,,,24.0,,,,24.0
Vijayapura,Karnataka,2025-05-19 10:00:00,24.0,1.0,9.0,16.0,47.0,37.0,,47.0
Vijayawada,Andhra_Pradesh,2025-05-19 10:00:00,34.5,5.333333333333333,27.333333333333332,16.5,49.0,47.0,20.0,49.0
Virar,Maharashtra,2025-05-19 10:00:00,33.0,6.0,17.0,10.0,59.0,33.0,4.0,59.0
Visakhapatnam,Andhra_Pradesh,2025-05-19 10:00:00,13.0,3.0,15.0,18.0,36.0,23.0,9.0,36.0
Vrindavan,Uttar_Pradesh,2025-05-19 10:00:00,37.0,2.0,12.0,12.0,60.0,40.0,27.0,60.0
