image_path,source,aqi,pm25,pm10,aqi_category,aqi_soft,day_night,depth_path,has_aqi,has_pm25,has_pm10,notes,aqi_bin,sample_weight,depth_available,exists
/Users/nesar/VS/Image-only/data/TRAQID_sample/Images/11201.jpg,TRAQID,77.05666667,46.234,63.6682,Satisfactory,77.05666667,Day,,True,True,True,,1,0.1,False,False
/Users/nesar/VS/Image-only/data/TRAQID_sample/Images/11202.jpg,TRAQID,95.24833333,57.149,69.634,Satisfactory,95.24833333,Day,,True,True,True,,1,0.1,False,False
/Users/nesar/VS/Image-only/data/TRAQID_sample/Images/11203.jpg,TRAQID,96.72333333,58.034,67.6128,Satisfactory,96.72333333,Day,,True,True,True,,1,0.1,False,False
/Users/nesar/VS/Image-only/data/TRAQID_sample/Images/11204.jpg,TRAQID,94.65833333,56.795,63.8312,Satisfactory,94.65833333,Day,,True,True,True,,1,0.1,False,False
/Users/nesar/VS/Image-only/data/TRAQID_sample/Images/11205.jpg,TRAQID,93.18333333,55.91,62.462,Satisfactory,93.18333333,Day,,True,True,True,,1,0.1,False,False
/Users/nesar/VS/Image-only/data/TRAQID_sample/Images/11206.jpg,TRAQID,77.05666667,46.234,56.8222,Satisfactory,77.05666667,Day,,True,True,True,,1,0.1,False,False
/Users/nesar/VS/Image-only/data/TRAQID_sample/Images/11207.jpg,TRAQID,58.07833333,34.847,50.4652,Satisfactory,58.07833333,Day,,True,True,True,,1,0.1,False,False
/Users/nesar/VS/Image-only/data/TRAQID_sample/Images/11208.jpg,TRAQID,58.76666667,35.26,49.3894,Satisfactory,58.76666667,Day,,True,True,True,,1,0.1,False,False
/Users/nesar/VS/Image-only/data/TRAQID_sample/Images/11209.jpg,TRAQID,61.12666667,36.676,49.7806,Satisfactory,61.12666667,Day,,True,True,True,,1,0.1,False,False
/Users/nesar/VS/Image-only/data/TRAQID_sample/Images/11210.jpg,TRAQID,64.37166667,38.623,52.2582,Satisfactory,64.37166667,Day,,True,True,True,,1,0.1,False,False
/Users/nesar/VS/Image-only/data/TRAQID_sample/Images/11211.jpg,TRAQID,66.535,39.921,54.964,Satisfactory,66.535,Day,,True,True,True,,1,0.1,False,False
/Users/nesar/VS/Image-only/data/TRAQID_sample/Images/11212.jpg,TRAQID,69.38666667,41.632,56.8548,Satisfactory,69.38666667,Day,,True,True,True,,1,0.1,False,False
/Users/nesar/VS/Image-only/data/TRAQID_sample/Images/11213.jpg,TRAQID,73.71333333,44.228,60.8646,Satisfactory,73.71333333,Day,,True,True,True,,1,0.1,False,False
/Users/nesar/VS/Image-only/data/TRAQID_sample/Images/11214.jpg,TRAQID,90.33166667,54.199,66.1132,Satisfactory,90.33166667,Day,,True,True,True,,1,0.1,False,False
/Users/nesar/VS/Image-only/data/TRAQID_sample/Images/11215.jpg,TRAQID,96.92,58.152,67.6454,Satisfactory,96.92,Day,,True,True,True,,1,0.1,False,False
/Users/nesar/VS/Image-only/data/TRAQID_sample/Images/11216.jpg,TRAQID,94.16666667,56.5,64.092,Satisfactory,94.16666667,Day,,True,True,True,,1,0.1,False,False
/Users/nesar/VS/Image-only/data/TRAQID_sample/Images/11217.jpg,TRAQID,93.57666667,56.146,59.8866,Satisfactory,93.57666667,Day,,True,True,True,,1,0.1,False,False
/Users/nesar/VS/Image-only/data/TRAQID_sample/Images/11218.jpg,TRAQID,76.66333333,45.998,54.0186,Satisfactory,76.66333333,Day,,True,True,True,,1,0.1,False,False
/Users/nesar/VS/Image-only/data/TRAQID_sample/Images/11219.jpg,TRAQID,70.37,42.222,51.7692,Satisfactory,70.37,Day,,True,True,True,,1,0.1,False,False
/Users/nesar/VS/Image-only/data/TRAQID_sample/Images/11220.jpg,TRAQID,68.40333333,41.042,52.03,Satisfactory,68.40333333,Day,,True,True,True,,1,0.1,False,False
/Users/nesar/VS/Image-only/data/TRAQID_sample/Images/11221.jpg,TRAQID,68.01,40.806,52.7472,Satisfactory,68.01,Day,,True,True,True,,1,0.1,False,False
/Users/nesar/VS/Image-only/data/TRAQID_sample/Images/11222.jpg,TRAQID,63.88,38.328,52.0952,Satisfactory,63.88,Day,,True,True,True,,1,0.1,False,False
/Users/nesar/VS/Image-only/data/TRAQID_sample/Images/11223.jpg,TRAQID,63.68333333,38.21,53.4318,Satisfactory,63.68333333,Day,,True,True,True,,1,0.1,False,False
/Users/nesar/VS/Image-only/data/TRAQID_sample/Images/11224.jpg,TRAQID,65.25666667,39.154,53.3992,Satisfactory,65.25666667,Day,,True,True,True,,1,0.1,False,False
/Users/nesar/VS/Image-only/data/TRAQID_sample/Images/11225.jpg,TRAQID,65.355,39.213,53.8882,Satisfactory,65.355,Day,,True,True,True,,1,0.1,False,False
/Users/nesar/VS/Image-only/data/TRAQID_sample/Images/11226.jpg,TRAQID,63.585,38.151,53.5622,Satisfactory,63.585,Day,,True,True,True,,1,0.1,False,False
/Users/nesar/VS/Image-only/data/TRAQID_sample/Images/11227.jpg,TRAQID,63.48666667,38.092,54.4424,Satisfactory,63.48666667,Day,,True,True,True,,1,0.1,False,False
/Users/nesar/VS/Image-only/data/TRAQID_sample/Images/11228.jpg,TRAQID,62.01166667,37.207,53.2362,Satisfactory,62.01166667,Day,,True,True,True,,1,0.1,False,False
/Users/nesar/VS/Image-only/data/TRAQID_sample/Images/11229.jpg,TRAQID,60.24166667,36.145,51.8018,Satisfactory,60.24166667,Day,,True,True,True,,1,0.1,False,False
/Users/nesar/VS/Image-only/data/TRAQID_sample/Images/11230.jpg,TRAQID,59.65166667,35.791,51.1172,Satisfactory,59.65166667,Day,,True,True,True,,1,0.1,False,False
/Users/nesar/VS/Image-only/data/TRAQID_sample/Images/11231.jpg,TRAQID,62.20833333,37.325,50.4326,Satisfactory,62.20833333,Day,,True,True,True,,1,0.1,False,False
/Users/nesar/VS/Image-only/data/TRAQID_sample/Images/11232.jpg,TRAQID,62.50333333,37.502,49.8458,Satisfactory,62.50333333,Day,,True,True,True,,1,0.1,False,False
/Users/nesar/VS/Image-only/data/TRAQID_sample/Images/11233.jpg,TRAQID,63.585,38.151,52.9102,Satisfactory,63.585,Day,,True,True,True,,1,0.1,False,False
/Users/nesar/VS/Image-only/data/TRAQID_sample/Images/11234.jpg,TRAQID,63.29,37.974,54.7684,Satisfactory,63.29,Day,,True,True,True,,1,0.1,False,False
/Users/nesar/VS/Image-only/data/TRAQID_sample/Images/11235.jpg,TRAQID,60.93,36.558,55.0618,Satisfactory,60.93,Day,,True,True,True,,1,0.1,False,False
/Users/nesar/VS/Image-only/data/TRAQID_sample/Images/11236.jpg,TRAQID,61.12666667,36.676,54.0512,Satisfactory,61.12666667,Day,,True,True,True,,1,0.1,False,False
/Users/nesar/VS/Image-only/data/TRAQID_sample/Images/11237.jpg,TRAQID,59.55333333,35.732,52.9428,Satisfactory,59.55333333,Day,,True,True,True,,1,0.1,False,False
/Users/nesar/VS/Image-only/data/TRAQID_sample/Images/11238.jpg,TRAQID,59.06166667,35.437,48.933,Satisfactory,59.06166667,Day,,True,True,True,,1,0.1,False,False
/Users/nesar/VS/Image-only/data/TRAQID_sample/Images/11239.jpg,TRAQID,58.57,35.142,45.5426,Satisfactory,58.57,Day,,True,True,True,,1,0.1,False,False
/Users/nesar/VS/Image-only/data/TRAQID_sample/Images/11240.jpg,TRAQID,59.06166667,35.437,45.7708,Satisfactory,59.06166667,Day,,True,True,True,,1,0.1,False,False
/Users/nesar/VS/Image-only/data/TRAQID_sample/Images/11241.jpg,TRAQID,64.765,38.859,48.9656,Satisfactory,64.765,Day,,True,True,True,,1,0.1,False,False
/Users/nesar/VS/Image-only/data/TRAQID_sample/Images/11242.jpg,TRAQID,67.02666667,40.216,51.4106,Satisfactory,67.02666667,Day,,True,True,True,,1,0.1,False,False
/Users/nesar/VS/Image-only/data/TRAQID_sample/Images/11243.jpg,TRAQID,68.6,41.16,51.7366,Satisfactory,68.6,Day,,True,True,True,,1,0.1,False,False
/Users/nesar/VS/Image-only/data/TRAQID_sample/Images/11244.jpg,TRAQID,70.27166667,42.163,53.5622,Satisfactory,70.27166667,Day,,True,True,True,,1,0.1,False,False
/Users/nesar/VS/Image-only/data/TRAQID_sample/Images/11245.jpg,TRAQID,69.78,41.868,52.845,Satisfactory,69.78,Day,,True,True,True,,1,0.1,False,False
/Users/nesar/VS/Image-only/data/TRAQID_sample/Images/11246.jpg,TRAQID,74.205,44.523,53.823,Satisfactory,74.205,Day,,True,True,True,,1,0.1,False,False
/Users/nesar/VS/Image-only/data/TRAQID_sample/Images/11247.jpg,TRAQID,78.925,47.355,55.29,Satisfactory,78.925,Day,,True,True,True,,1,0.1,False,False
/Users/nesar/VS/Image-only/data/TRAQID_sample/Images/11248.jpg,TRAQID,82.85833333,49.715,56.92,Satisfactory,82.85833333,Day,,True,True,True,,1,0.1,False,False
/Users/nesar/VS/Image-only/data/TRAQID_sample/Images/11249.jpg,TRAQID,87.67666667,52.606,59.2672,Satisfactory,87.67666667,Day,,True,True,True,,1,0.1,False,False
/Users/nesar/VS/Image-only/data/TRAQID_sample/Images/11250.jpg,TRAQID,85.90666667,51.544,59.8866,Satisfactory,85.90666667,Day,,True,True,True,,1,0.1,False,False
/Users/nesar/VS/Image-only/data/TRAQID_sample/Images/151.jpg,TRAQID,75.68,45.408,56.9852,Satisfactory,75.68,Night,,True,True,True,,1,0.1,False,False
/Users/nesar/VS/Image-only/data/TRAQID_sample/Images/152.jpg,TRAQID,77.05666667,46.234,58.1914,Satisfactory,77.05666667,Night,,True,True,True,,1,0.1,False,False
/Users/nesar/VS/Image-only/data/TRAQID_sample/Images/153.jpg,TRAQID,78.53166667,47.119,58.6152,Satisfactory,78.53166667,Night,,True,True,True,,1,0.1,False,False
/Users/nesar/VS/Image-only/data/TRAQID_sample/Images/154.jpg,TRAQID,78.82666667,47.296,59.4302,Satisfactory,78.82666667,Night,,True,True,True,,1,0.1,False,False
/Users/nesar/VS/Image-only/data/TRAQID_sample/Images/155.jpg,TRAQID,77.84333333,46.706,58.713,Satisfactory,77.84333333,Night,,True,True,True,,1,0.1,False,False
/Users/nesar/VS/Image-only/data/TRAQID_sample/Images/156.jpg,TRAQID,76.36833333,45.821,58.4848,Satisfactory,76.36833333,Night,,True,True,True,,1,0.1,False,False
/Users/nesar/VS/Image-only/data/TRAQID_sample/Images/157.jpg,TRAQID,76.565,45.939,60.2126,Satisfactory,76.565,Night,,True,True,True,,1,0.1,False,False
/Users/nesar/VS/Image-only/data/TRAQID_sample/Images/158.jpg,TRAQID,77.54833333,46.529,62.299,Satisfactory,77.54833333,Night,,True,True,True,,1,0.1,False,False
/Users/nesar/VS/Image-only/data/TRAQID_sample/Images/159.jpg,TRAQID,77.84333333,46.706,62.5272,Satisfactory,77.84333333,Night,,True,True,True,,1,0.1,False,False
/Users/nesar/VS/Image-only/data/TRAQID_sample/Images/160.jpg,TRAQID,78.23666667,46.942,64.5484,Satisfactory,78.23666667,Night,,True,True,True,,1,0.1,False,False
/Users/nesar/VS/Image-only/data/TRAQID_sample/Images/161.jpg,TRAQID,78.72833333,47.237,65.1678,Satisfactory,78.72833333,Night,,True,True,True,,1,0.1,False,False
/Users/nesar/VS/Image-only/data/TRAQID_sample/Images/162.jpg,TRAQID,78.63,47.178,66.5696,Satisfactory,78.63,Night,,True,True,True,,1,0.1,False,False
/Users/nesar/VS/Image-only/data/TRAQID_sample/Images/163.jpg,TRAQID,78.335,47.001,65.3634,Satisfactory,78.335,Night,,True,True,True,,1,0.1,False,False
/Users/nesar/VS/Image-only/data/TRAQID_sample/Images/164.jpg,TRAQID,77.45,46.47,62.5598,Satisfactory,77.45,Night,,True,True,True,,1,0.1,False,False
/Users/nesar/VS/Image-only/data/TRAQID_sample/Images/165.jpg,TRAQID,77.54833333,46.529,62.0382,Satisfactory,77.54833333,Night,,True,True,True,,1,0.1,False,False
/Users/nesar/VS/Image-only/data/TRAQID_sample/Images/166.jpg,TRAQID,77.05666667,46.234,60.7668,Satisfactory,77.05666667,Night,,True,True,True,,1,0.1,False,False
/Users/nesar/VS/Image-only/data/TRAQID_sample/Images/167.jpg,TRAQID,76.565,45.939,59.1368,Satisfactory,76.565,Night,,True,True,True,,1,0.1,False,False
/Users/nesar/VS/Image-only/data/TRAQID_sample/Images/168.jpg,TRAQID,75.68,45.408,58.9086,Satisfactory,75.68,Night,,True,True,True,,1,0.1,False,False
/Users/nesar/VS/Image-only/data/TRAQID_sample/Images/169.jpg,TRAQID,75.385,45.231,57.8002,Satisfactory,75.385,Night,,True,True,True,,1,0.1,False,False
/Users/nesar/VS/Image-only/data/TRAQID_sample/Images/170.jpg,TRAQID,75.385,45.231,55.453,Satisfactory,75.385,Night,,True,True,True,,1,0.1,False,False
/Users/nesar/VS/Image-only/data/TRAQID_sample/Images/171.jpg,TRAQID,74.795,44.877,53.497,Satisfactory,74.795,Night,,True,True,True,,1,0.1,False,False
/Users/nesar/VS/Image-only/data/TRAQID_sample/Images/172.jpg,TRAQID,74.5,44.7,53.5296,Satisfactory,74.5,Night,,True,True,True,,1,0.1,False,False
/Users/nesar/VS/Image-only/data/TRAQID_sample/Images/173.jpg,TRAQID,74.89333333,44.936,55.29,Satisfactory,74.89333333,Night,,True,True,True,,1,0.1,False,False
/Users/nesar/VS/Image-only/data/TRAQID_sample/Images/174.jpg,TRAQID,76.17166667,45.703,63.7008,Satisfactory,76.17166667,Night,,True,True,True,,1,0.1,False,False
/Users/nesar/VS/Image-only/data/TRAQID_sample/Images/175.jpg,TRAQID,79.12166667,47.473,69.0146,Satisfactory,79.12166667,Night,,True,True,True,,1,0.1,False,False
/Users/nesar/VS/Image-only/data/TRAQID_sample/Images/176.jpg,TRAQID,82.76,49.656,75.1108,Satisfactory,82.76,Night,,True,True,True,,1,0.1,False,False
/Users/nesar/VS/Image-only/data/TRAQID_sample/Images/177.jpg,TRAQID,86.20166667,51.721,79.4466,Satisfactory,86.20166667,Night,,True,True,True,,1,0.1,False,False
/Users/nesar/VS/Image-only/data/TRAQID_sample/Images/178.jpg,TRAQID,87.97166667,52.783,77.3928,Satisfactory,87.97166667,Night,,True,True,True,,1,0.1,False,False
/Users/nesar/VS/Image-only/data/TRAQID_sample/Images/179.jpg,TRAQID,89.34833333,53.609,74.1328,Satisfactory,89.34833333,Night,,True,True,True,,1,0.1,False,False
/Users/nesar/VS/Image-only/data/TRAQID_sample/Images/180.jpg,TRAQID,90.62666667,54.376,76.806,Satisfactory,90.62666667,Night,,True,True,True,,1,0.1,False,False
/Users/nesar/VS/Image-only/data/TRAQID_sample/Images/181.jpg,TRAQID,88.26666667,52.96,77.132,Satisfactory,88.26666667,Night,,True,True,True,,1,0.1,False,False
/Users/nesar/VS/Image-only/data/TRAQID_sample/Images/182.jpg,TRAQID,83.15333333,49.892,70.7098,Satisfactory,83.15333333,Night,,True,True,True,,1,0.1,False,False
/Users/nesar/VS/Image-only/data/TRAQID_sample/Images/183.jpg,TRAQID,80.30166667,48.181,65.8198,Satisfactory,80.30166667,Night,,True,True,True,,1,0.1,False,False
/Users/nesar/VS/Image-only/data/TRAQID_sample/Images/184.jpg,TRAQID,78.23666667,46.942,62.788,Satisfactory,78.23666667,Night,,True,True,True,,1,0.1,False,False
/Users/nesar/VS/Image-only/data/TRAQID_sample/Images/185.jpg,TRAQID,74.69666667,44.818,57.1156,Satisfactory,74.69666667,Night,,True,True,True,,1,0.1,False,False
/Users/nesar/VS/Image-only/data/TRAQID_sample/Images/186.jpg,TRAQID,76.36833333,45.821,58.2566,Satisfactory,76.36833333,Night,,True,True,True,,1,0.1,False,False
/Users/nesar/VS/Image-only/data/TRAQID_sample/Images/187.jpg,TRAQID,77.05666667,46.234,58.2566,Satisfactory,77.05666667,Night,,True,True,True,,1,0.1,False,False
/Users/nesar/VS/Image-only/data/TRAQID_sample/Images/188.jpg,TRAQID,77.94166667,46.765,57.8002,Satisfactory,77.94166667,Night,,True,True,True,,1,0.1,False,False
/Users/nesar/VS/Image-only/data/TRAQID_sample/Images/189.jpg,TRAQID,77.35166667,46.411,57.1808,Satisfactory,77.35166667,Night,,True,True,True,,1,0.1,False,False
/Users/nesar/VS/Image-only/data/TRAQID_sample/Images/190.jpg,TRAQID,75.975,45.585,56.757,Satisfactory,75.975,Night,,True,True,True,,1,0.1,False,False
/Users/nesar/VS/Image-only/data/TRAQID_sample/Images/191.jpg,TRAQID,75.68,45.408,57.3438,Satisfactory,75.68,Night,,True,True,True,,1,0.1,False,False
/Users/nesar/VS/Image-only/data/TRAQID_sample/Images/192.jpg,TRAQID,74.89333333,44.936,56.3984,Satisfactory,74.89333333,Night,,True,True,True,,1,0.1,False,False
/Users/nesar/VS/Image-only/data/TRAQID_sample/Images/193.jpg,TRAQID,74.89333333,44.936,58.4522,Satisfactory,74.89333333,Night,,True,True,True,,1,0.1,False,False
/Users/nesar/VS/Image-only/data/TRAQID_sample/Images/194.jpg,TRAQID,75.77833333,45.467,62.8532,Satisfactory,75.77833333,Night,,True,True,True,,1,0.1,False,False
/Users/nesar/VS/Image-only/data/TRAQID_sample/Images/195.jpg,TRAQID,78.43333333,47.06,67.8084,Satisfactory,78.43333333,Night,,True,True,True,,1,0.1,False,False
/Users/nesar/VS/Image-only/data/TRAQID_sample/Images/196.jpg,TRAQID,80.695,48.417,72.8614,Satisfactory,80.695,Night,,True,True,True,,1,0.1,False,False
/Users/nesar/VS/Image-only/data/TRAQID_sample/Images/197.jpg,TRAQID,80.79333333,48.476,73.8394,Satisfactory,80.79333333,Night,,True,True,True,,1,0.1,False,False
/Users/nesar/VS/Image-only/data/TRAQID_sample/Images/198.jpg,TRAQID,80.695,48.417,72.9266,Satisfactory,80.695,Night,,True,True,True,,1,0.1,False,False
/Users/nesar/VS/Image-only/data/TRAQID_sample/Images/199.jpg,TRAQID,79.12166667,47.473,68.5582,Satisfactory,79.12166667,Night,,True,True,True,,1,0.1,False,False
/Users/nesar/VS/Image-only/data/TRAQID_sample/Images/200.jpg,TRAQID,78.335,47.001,66.4718,Satisfactory,78.335,Night,,True,True,True,,1,0.1,False,False
